{
  "resources":[
    {
      "url":"structure.js",
      "type":"js",
      "target":"body",
      "cacheOnly":false,
      "attributes":{
        "onload":"resourceLoaded('structure.js')",
        "data-loadingResource":"structure.js",
        "type":"text/javascript"
      }
    },
    {
      "url":"mboot.js",
      "type":"js",
      "target":"body",
      "cacheOnly":false,
      "attributes":{
        "onload":"resourceLoaded('mboot.js')",
        "data-loadingResource":"mboot.js",
        "type":"text/javascript"
      }
    },
    {
      "url":"mobile.css",
      "type":"css",
      "target":"body",
      "cacheOnly":false,
      "attributes":{
        "onload":"resourceLoaded('mobile.css')",
        "data-loadingResource":"mobile.css",
        "type":"text/css",
        "rel":"stylesheet"
      }
    },
    {
      "url":"style.css",
      "type":"css",
      "target":"body",
      "cacheOnly":false,
      "attributes":{
        "onload":"resourceLoaded('style.css')",
        "data-loadingResource":"style.css",
        "type":"text/css",
        "rel":"stylesheet"
      }
    },
    {
      "url":"mobile1.js",
      "type":"js",
      "target":"body",
      "cacheOnly":false,
      "attributes":{
        "onload":"resourceLoaded('mobile1.js')",
        "data-loadingResource":"mobile.js",
        "type":"text/javascript"
      }
    },{
      "url":"mobile2.js",
      "type":"js",
      "target":"body",
      "cacheOnly":false,
      "attributes":{
        "onload":"resourceLoaded('mobile2.js')",
        "data-loadingResource":"mobile.js",
        "type":"text/javascript"
      }
    },{
      "url":"mobile3.js",
      "type":"js",
      "target":"body",
      "cacheOnly":false,
      "attributes":{
        "onload":"resourceLoaded('mobile3.js')",
        "data-loadingResource":"mobile.js",
        "type":"text/javascript"
      }
    },{
      "url":"mobile4.js",
      "type":"js",
      "target":"body",
      "cacheOnly":false,
      "attributes":{
        "onload":"resourceLoaded('mobile.js')",
        "data-loadingResource":"mobile.js",
        "type":"text/javascript"
      }
    },
    {
      "url":"mvp.js",
      "type":"js",
      "target":"body",
      "cacheOnly":false,
      "attributes":{
        "onload":"resourceLoaded('mvp.js')",
        "data-loadingResource":"mvp.js",
        "type":"text/javascript"
      }
    },
    {
      "url":"latest.js",
      "type":"js",
      "target":"body",
      "cacheOnly":true,
      "attributes":{
        "onload":"resourceLoaded('latest.js')",
        "data-loadingResource":"latest.js",
        "type":"text/javascript"
      }
    }
  ],
  "version":"76ec5f31b1494f46e9c8b09cb4bd4aa16557357b"
}